repo,sha,parent,child,lic_parent,lic_child,jurisdiction,label,label_source,label_confidence
apache/airflow,,@babel/preset-env,@babel/helper-validator-option,unknown,MIT,US,compatible,child_permissive,high
apache/airflow,,js-yaml,argparse,MIT,MIT,US,compatible,child_permissive,high
apache/airflow,,@swc/helpers,tslib,Apache-2.0,0BSD,US,compatible,default_compatible,low
apache/airflow,,url-loader,schema-utils,unknown,MIT,US,compatible,child_permissive,high
apache/airflow,,fbjs,object-assign,MIT,MIT,US,compatible,child_permissive,high
apache/airflow,,atlassian-openapi,urijs,unknown,MIT,US,compatible,child_permissive,high
apache/airflow,,mime-types,mime-db,unknown,MIT,US,compatible,child_permissive,high
apache/airflow,,@zag-js/tour,@zag-js/dom-query,unknown,unknown,US,compatible,default_compatible,low
apache/airflow,,webpack,@webassemblyjs/wasm-parser,unknown,MIT,US,compatible,child_permissive,high
apache/airflow,,@babel/generator,@babel/types,unknown,unknown,US,compatible,default_compatible,low
apache/airflow,,eslint-import-resolver-node,resolve,unknown,MIT,US,compatible,child_permissive,high
apache/airflow,,inflight,once,ISC,unknown,US,compatible,default_compatible,low
apache/airflow,,d3-transition,d3-selection,unknown,ISC,US,compatible,child_permissive,high
apache/airflow,,eslint,@eslint/eslintrc,MIT,unknown,US,compatible,default_compatible,low
apache/airflow,,@webassemblyjs/wasm-edit,@webassemblyjs/helper-wasm-bytecode,unknown,MIT,US,compatible,child_permissive,high
apache/airflow,,micromark-factory-label,micromark-util-symbol,MIT,MIT,US,compatible,child_permissive,high
apache/airflow,,msw,headers-polyfill,MIT,MIT,US,compatible,child_permissive,high
apache/airflow,,msw,picocolors,MIT,ISC,US,compatible,child_permissive,high
apache/airflow,,eslint-json-compat-utils,eslint,MIT,MIT,US,compatible,child_permissive,high
apache/airflow,,dom-helpers,@babel/runtime,unknown,MIT,US,compatible,child_permissive,high
apache/airflow,,vitest,magic-string,BSD-3-Clause AND ISC AND MIT,MIT,US,compatible,child_permissive,high
apache/airflow,,@visx/vendor,d3-delaunay,unknown,ISC,US,compatible,child_permissive,high
apache/airflow,,@babel/helper-create-class-features-plugin,@babel/helper-member-expression-to-functions,MIT,unknown,US,compatible,default_compatible,low
apache/airflow,,estree-walker,@types/estree,MIT,MIT,US,compatible,child_permissive,high
apache/airflow,,eslint-plugin-unicorn,semver,unknown,ISC,US,compatible,child_permissive,high
apache/airflow,,@testing-library/react,@types/react-dom,unknown,unknown,US,compatible,default_compatible,low
apache/airflow,,stylelint,imurmurhash,unknown,MIT,US,compatible,child_permissive,high
apache/airflow,,@babel/plugin-bugfix-safari-class-field-initializer-scope,@babel/helper-plugin-utils,MIT,MIT,US,compatible,child_permissive,high
apache/airflow,,webpack-cli,interpret,unknown,MIT,US,compatible,child_permissive,high
apache/airflow,,d3-transition,d3-dispatch,unknown,ISC,US,compatible,child_permissive,high
apache/airflow,,p-limit,yocto-queue,unknown,MIT,US,compatible,child_permissive,high
apache/airflow,,regexp.prototype.flags,es-errors,unknown,MIT,US,compatible,child_permissive,high
apache/airflow,,mdast-util-find-and-replace,escape-string-regexp,unknown,MIT,US,compatible,child_permissive,high
apache/airflow,,@webassemblyjs/wasm-edit,@webassemblyjs/helper-wasm-section,unknown,MIT,US,compatible,child_permissive,high
apache/airflow,,@babel/helper-environment-visitor,@babel/types,unknown,unknown,US,compatible,default_compatible,low
apache/airflow,,com.github.apache/airflow,github/codeql-action/init,unknown,unknown,US,compatible,default_compatible,low
apache/airflow,,com.github.apache/airflow,qdrant-client,unknown,unknown,US,compatible,default_compatible,low
apache/airflow,,es-object-atoms,es-errors,MIT,MIT,US,compatible,child_permissive,high
apache/airflow,,com.github.apache/airflow,react-chartjs-2,unknown,unknown,US,compatible,default_compatible,low
apache/airflow,,com.github.apache/airflow,asyncpg,unknown,unknown,US,compatible,default_compatible,low
apache/airflow,,d3-shape,d3-path,BSD-3-Clause,BSD-3-Clause,US,compatible,child_permissive,high
apache/airflow,,cacheable,hookified,unknown,MIT,US,compatible,child_permissive,high
apache/airflow,,micromark-factory-label,micromark-util-types,MIT,MIT,US,compatible,child_permissive,high
apache/airflow,,@zag-js/tabs,@zag-js/types,unknown,unknown,US,compatible,default_compatible,low
apache/airflow,,parse-entities,decode-named-character-reference,unknown,MIT,US,compatible,child_permissive,high
apache/airflow,,@visx/shape,@types/d3-shape,unknown,MIT,US,compatible,child_permissive,high
apache/airflow,,d3-drag,d3-dispatch,unknown,ISC,US,compatible,child_permissive,high
apache/airflow,,com.github.apache/airflow,webpack-manifest-plugin,unknown,unknown,US,compatible,default_compatible,low
apache/airflow,,@zag-js/date-picker,@zag-js/types,unknown,unknown,US,compatible,default_compatible,low
apache/airflow,,@babel/generator,jsesc,unknown,MIT,US,compatible,child_permissive,high
encode/uvicorn,,com.github.encode/uvicorn,mkdocs-material,unknown,MIT,US,compatible,child_permissive,high
encode/uvicorn,,com.github.encode/uvicorn,re-actors/alls-green,unknown,unknown,US,compatible,default_compatible,low
encode/uvicorn,,com.github.encode/uvicorn,actions/setup-python,unknown,unknown,US,compatible,default_compatible,low
encode/uvicorn,,com.github.encode/uvicorn,actions/upload-artifact,unknown,unknown,US,compatible,default_compatible,low
encode/uvicorn,,com.github.encode/uvicorn,click,unknown,unknown,US,compatible,default_compatible,low
encode/uvicorn,,com.github.encode/uvicorn,pytest-mock,unknown,MIT,US,compatible,child_permissive,high
encode/uvicorn,,com.github.encode/uvicorn,h11,unknown,MIT,US,compatible,child_permissive,high
encode/uvicorn,,com.github.encode/uvicorn,mypy,unknown,MIT,US,compatible,child_permissive,high
encode/uvicorn,,com.github.encode/uvicorn,pytest-xdist,unknown,MIT,US,compatible,child_permissive,high
encode/uvicorn,,com.github.encode/uvicorn,websockets,unknown,BSD-2-Clause AND BSD-3-Clause,US,compatible,default_compatible,low
encode/uvicorn,,com.github.encode/uvicorn,a2wsgi,unknown,Apache-2.0,US,compatible,child_permissive,high
encode/uvicorn,,com.github.encode/uvicorn,coverage-conditional-plugin,unknown,MIT,US,compatible,child_permissive,high
encode/uvicorn,,com.github.encode/uvicorn,build,unknown,MIT,US,compatible,child_permissive,high
encode/uvicorn,,com.github.encode/uvicorn,coverage,unknown,Apache-2.0,US,compatible,child_permissive,high
encode/uvicorn,,com.github.encode/uvicorn,typing-extensions,unknown,unknown,US,compatible,default_compatible,low
encode/uvicorn,,com.github.encode/uvicorn,httpx,unknown,BSD-3-Clause,US,compatible,child_permissive,high
encode/uvicorn,,com.github.encode/uvicorn,mkdocstrings-python,unknown,ISC,US,compatible,child_permissive,high
encode/uvicorn,,com.github.encode/uvicorn,pytest,unknown,MIT,US,compatible,child_permissive,high
encode/uvicorn,,com.github.encode/uvicorn,twine,unknown,Apache-2.0,US,compatible,child_permissive,high
encode/uvicorn,,com.github.encode/uvicorn,actions/checkout,unknown,unknown,US,compatible,default_compatible,low
encode/uvicorn,,com.github.encode/uvicorn,types-click,unknown,Apache-2.0,US,compatible,child_permissive,high
encode/uvicorn,,com.github.encode/uvicorn,coverage-enable-subprocess,unknown,unknown,US,compatible,default_compatible,low
encode/uvicorn,,com.github.encode/uvicorn,ruff,unknown,0BSD AND Apache-2.0 AND BSD-3-Clause AND MIT,US,compatible,default_compatible,low
encode/uvicorn,,com.github.encode/uvicorn,cryptography,unknown,Apache-2.0 OR BSD-3-Clause OR (Apache-2.0 AND BSD-3-Clause),US,compatible,heuristic_or_child_permissive,medium
encode/uvicorn,,com.github.encode/uvicorn,actions/download-artifact,unknown,unknown,US,compatible,default_compatible,low
encode/uvicorn,,com.github.encode/uvicorn,wsproto,unknown,MIT,US,compatible,child_permissive,high
encode/uvicorn,,com.github.encode/uvicorn,pypa/gh-action-pypi-publish,unknown,unknown,US,compatible,default_compatible,low
encode/uvicorn,,com.github.encode/uvicorn,types-pyyaml,unknown,Apache-2.0 AND MIT,US,compatible,default_compatible,low
encode/uvicorn,,com.github.encode/uvicorn,mkdocs-llmstxt,unknown,unknown,US,compatible,default_compatible,low
encode/uvicorn,,com.github.encode/uvicorn,trustme,unknown,Apache-2.0 AND MIT,US,compatible,default_compatible,low
encode/uvicorn,,com.github.encode/uvicorn,mkdocs,unknown,BSD-2-Clause AND BSD-3-Clause,US,compatible,default_compatible,low
jupyter/notebook,,@istanbuljs/load-nyc-config,find-up,unknown,unknown,US,compatible,default_compatible,low
jupyter/notebook,,git-semver-tags,semver,unknown,ISC,US,compatible,child_permissive,high
jupyter/notebook,,@lerna/create,pify,unknown,MIT,US,compatible,child_permissive,high
jupyter/notebook,,send,range-parser,MIT,MIT,US,compatible,child_permissive,high
jupyter/notebook,,speech-rule-engine,wicked-good-xpath,Apache-2.0,MIT,US,compatible,child_permissive,high
jupyter/notebook,,@babel/core,debug,MIT,MIT,US,compatible,child_permissive,high
jupyter/notebook,,postcss-modules-local-by-default,postcss-selector-parser,unknown,MIT,US,compatible,child_permissive,high
jupyter/notebook,,node-gyp,rimraf,MIT,ISC,US,compatible,child_permissive,high
jupyter/notebook,,vega-wordcloud,vega-util,BSD-3-Clause,BSD-3-Clause,US,compatible,child_permissive,high
jupyter/notebook,,jest-environment-node,@jest/types,unknown,MIT,US,compatible,child_permissive,high
jupyter/notebook,,duplicate-package-checker-webpack-plugin,find-root,MIT,MIT,US,compatible,child_permissive,high
jupyter/notebook,,braces,fill-range,MIT,MIT,US,compatible,child_permissive,high
jupyter/notebook,,side-channel,object-inspect,MIT,MIT,US,compatible,child_permissive,high
jupyter/notebook,,@stdlib/streams,@stdlib/assert,unknown,Apache-2.0,US,compatible,child_permissive,high
jupyter/notebook,,safe-array-concat,isarray,MIT,MIT,US,compatible,child_permissive,high
jupyter/notebook,,promise-retry,retry,unknown,MIT,US,compatible,child_permissive,high
jupyter/notebook,,@jest/test-result,@jest/console,unknown,MIT,US,compatible,child_permissive,high
jupyter/notebook,,@lezer/generator,@lezer/common,MIT,MIT,US,compatible,child_permissive,high
jupyter/notebook,,@codemirror/lang-javascript,@lezer/javascript,unknown,MIT,US,compatible,child_permissive,high
jupyter/notebook,,cytoscape-fcose,cose-base,MIT,unknown,US,compatible,default_compatible,low
jupyter/notebook,,error-ex,is-arrayish,MIT,MIT,US,compatible,child_permissive,high
jupyter/notebook,,@babel/traverse,@babel/helper-environment-visitor,unknown,MIT,US,compatible,child_permissive,high
jupyter/notebook,,jest-snapshot,@babel/types,MIT,MIT,US,compatible,child_permissive,high
jupyter/notebook,,vega-lite,yargs,unknown,MIT,US,compatible,child_permissive,high
jupyter/notebook,,@stdlib/blas,@stdlib/math,unknown,Apache-2.0,US,compatible,child_permissive,high
jupyter/notebook,,@jupyterlab/testing,ts-jest,BSD-3-Clause,MIT,US,compatible,child_permissive,high
jupyter/notebook,,yargs,cliui,MIT,ISC,US,compatible,child_permissive,high
jupyter/notebook,,@babel/plugin-transform-literals,@babel/helper-plugin-utils,unknown,MIT,US,compatible,child_permissive,high
jupyter/notebook,,jest-runner,@jest/types,unknown,MIT,US,compatible,child_permissive,high
jupyter/notebook,,source-map-loader,loader-utils,MIT,MIT,US,compatible,child_permissive,high
jupyter/notebook,,@jupyterlab/notebook,@jupyterlab/docregistry,unknown,unknown,US,compatible,default_compatible,low
jupyter/notebook,,@octokit/request-error,@octokit/types,MIT,MIT,US,compatible,child_permissive,high
jupyter/notebook,,@jupyterlab/notebook,@lumino/disposable,unknown,BSD-3-Clause,US,compatible,child_permissive,high
jupyter/notebook,,vega-encode,d3-array,BSD-3-Clause,ISC,US,compatible,child_permissive,high
jupyter/notebook,,@stdlib/regexp,@stdlib/assert,Apache-2.0,Apache-2.0,US,compatible,child_permissive,high
jupyter/notebook,,clean-css,source-map,unknown,BSD-3-Clause,US,compatible,child_permissive,high
jupyter/notebook,,@jupyterlab/htmlviewer,@jupyterlab/ui-components,unknown,unknown,US,compatible,default_compatible,low
jupyter/notebook,,com.github.jupyter/notebook,@lumino/commands,unknown,BSD-3-Clause,US,compatible,child_permissive,high
jupyter/notebook,,got,@types/cacheable-request,MIT,unknown,US,compatible,default_compatible,low
jupyter/notebook,,com.github.jupyter/notebook,@jupyterlab/translation,unknown,unknown,US,compatible,default_compatible,low
jupyter/notebook,,@jupyterlab/running-extension,@jupyterlab/running,unknown,unknown,US,compatible,default_compatible,low
jupyter/notebook,,p-queue,eventemitter3,MIT,MIT,US,compatible,child_permissive,high
jupyter/notebook,,iterator.prototype,get-intrinsic,MIT,MIT,US,compatible,child_permissive,high
jupyter/notebook,,@jupyterlab/cells,@jupyter/ydoc,unknown,unknown,US,compatible,default_compatible,low
jupyter/notebook,,@babel/plugin-transform-member-expression-literals,@babel/helper-plugin-utils,MIT,MIT,US,compatible,child_permissive,high
jupyter/notebook,,@webassemblyjs/wasm-edit,@webassemblyjs/wast-printer,MIT,unknown,US,compatible,default_compatible,low
jupyter/notebook,,npm-registry-fetch,minipass,ISC,ISC,US,compatible,child_permissive,high
jupyter/notebook,,conventional-commits-parser,split2,unknown,ISC,US,compatible,child_permissive,high
jupyter/notebook,,@verdaccio/core,ajv,MIT,MIT,US,compatible,child_permissive,high
jupyter/notebook,,object.entries,es-abstract,MIT,MIT,US,compatible,child_permissive,high
jupyterlab/jupyterlab,,lerna,p-pipe,unknown,MIT,US,compatible,child_permissive,high
jupyterlab/jupyterlab,,@jest/reporters,@jest/transform,unknown,MIT,US,compatible,child_permissive,high
jupyterlab/jupyterlab,,get-stream,pump,unknown,MIT,US,compatible,child_permissive,high
jupyterlab/jupyterlab,,@babel/traverse,@babel/types,unknown,MIT,US,compatible,child_permissive,high
jupyterlab/jupyterlab,,webpack-bundle-analyzer,@discoveryjs/json-ext,unknown,MIT,US,compatible,child_permissive,high
jupyterlab/jupyterlab,,@jupyterlab/running,@jupyter/react-components,unknown,unknown,US,compatible,default_compatible,low
jupyterlab/jupyterlab,,timers-ext,next-tick,unknown,ISC,US,compatible,child_permissive,high
jupyterlab/jupyterlab,,@lumino/widgets,@lumino/disposable,BSD-3-Clause,unknown,US,compatible,default_compatible,low
jupyterlab/jupyterlab,,@octokit/auth-token,@octokit/types,unknown,MIT,US,compatible,child_permissive,high
jupyterlab/jupyterlab,,vega-selections,vega-util,unknown,BSD-3-Clause,US,compatible,child_permissive,high
jupyterlab/jupyterlab,,roughjs,path-data-parser,unknown,MIT,US,compatible,child_permissive,high
jupyterlab/jupyterlab,,@types/d3,@types/d3-ease,unknown,MIT,US,compatible,child_permissive,high
jupyterlab/jupyterlab,,@verdaccio/logger-commons,@verdaccio/logger-prettify,MIT,unknown,US,compatible,default_compatible,low
jupyterlab/jupyterlab,,jsx-ast-utils,array-includes,unknown,MIT,US,compatible,child_permissive,high
jupyterlab/jupyterlab,,lerna,@lerna/child-process,unknown,MIT,US,compatible,child_permissive,high
jupyterlab/jupyterlab,,@jupyterlab/settingeditor-extension,react,unknown,MIT,US,compatible,child_permissive,high
jupyterlab/jupyterlab,,clone-deep,kind-of,unknown,MIT,US,compatible,child_permissive,high
jupyterlab/jupyterlab,,concat-stream,buffer-from,unknown,MIT,US,compatible,child_permissive,high
jupyterlab/jupyterlab,,com.github.jupyterlab/jupyterlab,vega-statistics,unknown,BSD-3-Clause,US,compatible,child_permissive,high
jupyterlab/jupyterlab,,inquirer,rxjs,MIT,Apache-2.0,US,compatible,child_permissive,high
jupyterlab/jupyterlab,,com.github.jupyterlab/jupyterlab,apache/skywalking-eyes/header,unknown,unknown,US,compatible,default_compatible,low
jupyterlab/jupyterlab,,@stdlib/cli,minimist,unknown,MIT,US,compatible,child_permissive,high
jupyterlab/jupyterlab,,jest-circus,stack-utils,MIT,MIT,US,compatible,child_permissive,high
jupyterlab/jupyterlab,,@babel/plugin-proposal-optional-chaining,@babel/helper-skip-transparent-expression-wrappers,MIT,MIT,US,compatible,child_permissive,high
jupyterlab/jupyterlab,,jest-watcher,chalk,unknown,MIT,US,compatible,child_permissive,high
jupyterlab/jupyterlab,,cacache,@npmcli/move-file,unknown,unknown,US,compatible,default_compatible,low
jupyterlab/jupyterlab,,lerna,read-package-json,unknown,ISC,US,compatible,child_permissive,high
jupyterlab/jupyterlab,,@lumino/signaling,@lumino/algorithm,BSD-3-Clause,BSD-3-Clause,US,compatible,child_permissive,high
jupyterlab/jupyterlab,,tmp,os-tmpdir,unknown,MIT,US,compatible,child_permissive,high
jupyterlab/jupyterlab,,com.github.jupyterlab/jupyterlab,@lezer/common,unknown,MIT,US,compatible,child_permissive,high
jupyterlab/jupyterlab,,webpack,json-parse-even-better-errors,MIT,MIT,US,compatible,child_permissive,high
jupyterlab/jupyterlab,,@types/d3,@types/d3-polygon,unknown,MIT,US,compatible,child_permissive,high
jupyterlab/jupyterlab,,gunzip-maybe,through2,MIT,MIT,US,compatible,child_permissive,high
jupyterlab/jupyterlab,,@pkgr/utils,open,unknown,MIT,US,compatible,child_permissive,high
jupyterlab/jupyterlab,,@babel/helper-remap-async-to-generator,@babel/types,MIT,MIT,US,compatible,child_permissive,high
jupyterlab/jupyterlab,,p-limit,yocto-queue,unknown,MIT,US,compatible,child_permissive,high
jupyterlab/jupyterlab,,verror,assert-plus,MIT,MIT,US,compatible,child_permissive,high
jupyterlab/jupyterlab,,normalize-package-data,resolve,BSD-2-Clause,unknown,US,compatible,default_compatible,low
jupyterlab/jupyterlab,,@typescript-eslint/eslint-plugin,@typescript-eslint/scope-manager,unknown,MIT,US,compatible,child_permissive,high
jupyterlab/jupyterlab,,com.github.jupyterlab/jupyterlab,@jupyterlab/audio-extension,unknown,unknown,US,compatible,default_compatible,low
jupyterlab/jupyterlab,,http-errors,toidentifier,MIT,MIT,US,compatible,child_permissive,high
jupyterlab/jupyterlab,,jest-message-util,pretty-format,MIT,MIT,US,compatible,child_permissive,high
jupyterlab/jupyterlab,,jest-haste-map,@types/node,MIT,MIT,US,compatible,child_permissive,high
jupyterlab/jupyterlab,,com.github.jupyterlab/jupyterlab,json5,unknown,MIT,US,compatible,child_permissive,high
jupyterlab/jupyterlab,,lerna,p-map,unknown,MIT,US,compatible,child_permissive,high
jupyterlab/jupyterlab,,minizlib,minipass,MIT,ISC,US,compatible,child_permissive,high
jupyterlab/jupyterlab,,@jest/reporters,graceful-fs,unknown,ISC,US,compatible,child_permissive,high
jupyterlab/jupyterlab,,jest-leak-detector,pretty-format,unknown,MIT,US,compatible,child_permissive,high
jupyterlab/jupyterlab,,@babel/plugin-syntax-import-assertions,@babel/helper-plugin-utils,MIT,MIT,US,compatible,child_permissive,high
jupyterlab/jupyterlab,,verdaccio,compression,unknown,unknown,US,compatible,default_compatible,low
matplotlib/matplotlib,,com.github.matplotlib/matplotlib,actions/first-interaction,unknown,unknown,US,compatible,default_compatible,low
matplotlib/matplotlib,,com.github.matplotlib/matplotlib,mypy,unknown,unknown,US,compatible,default_compatible,low
matplotlib/matplotlib,,com.github.matplotlib/matplotlib,python-dateutil,unknown,unknown,US,compatible,default_compatible,low
matplotlib/matplotlib,,com.github.matplotlib/matplotlib,pytest-timeout,unknown,unknown,US,compatible,default_compatible,low
matplotlib/matplotlib,,com.github.matplotlib/matplotlib,pandas-stubs,unknown,unknown,US,compatible,default_compatible,low
matplotlib/matplotlib,,com.github.matplotlib/matplotlib,ipython,unknown,unknown,US,compatible,default_compatible,low
matplotlib/matplotlib,,com.github.matplotlib/matplotlib,imjohnbo/issue-bot,unknown,unknown,US,compatible,default_compatible,low
matplotlib/matplotlib,,com.github.matplotlib/matplotlib,numpy,unknown,BSD-2-Clause,US,compatible,child_permissive,high
matplotlib/matplotlib,,com.github.matplotlib/matplotlib,mpl-sphinx-theme,unknown,unknown,US,compatible,default_compatible,low
matplotlib/matplotlib,,com.github.matplotlib/matplotlib,pydata-sphinx-theme,unknown,unknown,US,compatible,default_compatible,low
matplotlib/matplotlib,,com.github.matplotlib/matplotlib,prettier,unknown,unknown,US,compatible,default_compatible,low
matplotlib/matplotlib,,com.github.matplotlib/matplotlib,setuptools,unknown,unknown,US,compatible,default_compatible,low
matplotlib/matplotlib,,com.github.matplotlib/matplotlib,pillow,unknown,MIT-CMU,US,compatible,default_compatible,low
matplotlib/matplotlib,,com.github.matplotlib/matplotlib,tornado,unknown,unknown,US,compatible,default_compatible,low
matplotlib/matplotlib,,com.github.matplotlib/matplotlib,eslint,unknown,unknown,US,compatible,default_compatible,low
matplotlib/matplotlib,,com.github.matplotlib/matplotlib,actions/cache,unknown,unknown,US,compatible,default_compatible,low
matplotlib/matplotlib,,com.github.matplotlib/matplotlib,sphinx-design,unknown,unknown,US,compatible,default_compatible,low
matplotlib/matplotlib,,com.github.matplotlib/matplotlib,numpydoc,unknown,unknown,US,compatible,default_compatible,low
matplotlib/matplotlib,,com.github.matplotlib/matplotlib,scientific-python/circleci-artifacts-redirector-action,unknown,unknown,US,compatible,default_compatible,low
matplotlib/matplotlib,,com.github.matplotlib/matplotlib,black,unknown,unknown,US,compatible,default_compatible,low
matplotlib/matplotlib,,com.github.matplotlib/matplotlib,pyyaml,unknown,unknown,US,compatible,default_compatible,low
matplotlib/matplotlib,,com.github.matplotlib/matplotlib,actions/attest-build-provenance,unknown,unknown,US,compatible,default_compatible,low
matplotlib/matplotlib,,com.github.matplotlib/matplotlib,pre-commit/action,unknown,unknown,US,compatible,default_compatible,low
matplotlib/matplotlib,,com.github.matplotlib/matplotlib,matplotlib-inline,unknown,unknown,US,compatible,default_compatible,low
matplotlib/matplotlib,,com.github.matplotlib/matplotlib,actions/upload-artifact,unknown,unknown,US,compatible,default_compatible,low
matplotlib/matplotlib,,com.github.matplotlib/matplotlib,reviewdog/action-eslint,unknown,unknown,US,compatible,default_compatible,low
matplotlib/matplotlib,,com.github.matplotlib/matplotlib,meson,unknown,Apache-2.0,US,compatible,child_permissive,high
matplotlib/matplotlib,,com.github.matplotlib/matplotlib,packaging,unknown,(Apache-2.0 AND BSD-2-Clause AND BSD-3-Clause) OR (Apache-2.0 AND BSD-2-Clause),US,compatible,default_compatible,low
matplotlib/matplotlib,,com.github.matplotlib/matplotlib,ipykernel,unknown,BSD-2-Clause,US,compatible,child_permissive,high
matplotlib/matplotlib,,com.github.matplotlib/matplotlib,actions/checkout,unknown,unknown,US,compatible,default_compatible,low
matplotlib/matplotlib,,com.github.matplotlib/matplotlib,pyparsing,unknown,MIT,US,compatible,child_permissive,high
matplotlib/matplotlib,,com.github.matplotlib/matplotlib,types-python-dateutil,unknown,unknown,US,compatible,default_compatible,low
matplotlib/matplotlib,,com.github.matplotlib/matplotlib,sphinxcontrib-svg2pdfconverter,unknown,unknown,US,compatible,default_compatible,low
matplotlib/matplotlib,,com.github.matplotlib/matplotlib,pystemmer,unknown,unknown,US,compatible,default_compatible,low
matplotlib/matplotlib,,com.github.matplotlib/matplotlib,cygwin/cygwin-install-action,unknown,unknown,US,compatible,default_compatible,low
matplotlib/matplotlib,,com.github.matplotlib/matplotlib,sphinxcontrib-video,unknown,unknown,US,compatible,default_compatible,low
matplotlib/matplotlib,,com.github.matplotlib/matplotlib,peter-evans/create-or-update-comment,unknown,unknown,US,compatible,default_compatible,low
matplotlib/matplotlib,,com.github.matplotlib/matplotlib,fonttools,unknown,MIT,US,compatible,child_permissive,high
matplotlib/matplotlib,,com.github.matplotlib/matplotlib,cycler,unknown,unknown,US,compatible,default_compatible,low
matplotlib/matplotlib,,com.github.matplotlib/matplotlib,pytest-rerunfailures,unknown,unknown,US,compatible,default_compatible,low
matplotlib/matplotlib,,com.github.matplotlib/matplotlib,sphinx,unknown,unknown,US,compatible,default_compatible,low
matplotlib/matplotlib,,com.github.matplotlib/matplotlib,pybind11,unknown,unknown,US,compatible,default_compatible,low
matplotlib/matplotlib,,com.github.matplotlib/matplotlib,github/codeql-action/analyze,unknown,unknown,US,compatible,default_compatible,low
matplotlib/matplotlib,,com.github.matplotlib/matplotlib,reviewdog/action-setup,unknown,unknown,US,compatible,default_compatible,low
matplotlib/matplotlib,,com.github.matplotlib/matplotlib,nbconvert,unknown,unknown,US,compatible,default_compatible,low
matplotlib/matplotlib,,com.github.matplotlib/matplotlib,sphinx-gallery,unknown,unknown,US,compatible,default_compatible,low
matplotlib/matplotlib,,com.github.matplotlib/matplotlib,@jsxtools/resize-observer,unknown,unknown,US,compatible,default_compatible,low
matplotlib/matplotlib,,com.github.matplotlib/matplotlib,pypa/gh-action-pypi-publish,unknown,unknown,US,compatible,default_compatible,low
matplotlib/matplotlib,,com.github.matplotlib/matplotlib,actions/labeler,unknown,unknown,US,compatible,default_compatible,low
matplotlib/matplotlib,,com.github.matplotlib/matplotlib,codecov/codecov-action,unknown,unknown,US,compatible,default_compatible,low
pallets/flask,,com.github.pallets/flask,actions/cache,unknown,unknown,US,compatible,default_compatible,low
pallets/flask,,com.github.pallets/flask,async-timeout,unknown,Apache-2.0,US,compatible,child_permissive,high
pallets/flask,,com.github.pallets/flask,flask,unknown,unknown,US,compatible,default_compatible,low
pallets/flask,,com.github.pallets/flask,prompt-toolkit,unknown,BSD-2-Clause AND BSD-3-Clause,US,compatible,default_compatible,low
pallets/flask,,com.github.pallets/flask,werkzeug,unknown,unknown,US,compatible,default_compatible,low
pallets/flask,,com.github.pallets/flask,wcwidth,unknown,MIT,US,compatible,child_permissive,high
pallets/flask,,com.github.pallets/flask,click-repl,unknown,unknown,US,compatible,default_compatible,low
pallets/flask,,com.github.pallets/flask,pytest,unknown,unknown,US,compatible,default_compatible,low
pallets/flask,,com.github.pallets/flask,astral-sh/setup-uv,unknown,unknown,US,compatible,default_compatible,low
pallets/flask,,com.github.pallets/flask,actions/upload-artifact,unknown,unknown,US,compatible,default_compatible,low
pallets/flask,,com.github.pallets/flask,pypa/gh-action-pypi-publish,unknown,unknown,US,compatible,default_compatible,low
pallets/flask,,com.github.pallets/flask,click,unknown,unknown,US,compatible,default_compatible,low
pallets/flask,,com.github.pallets/flask,jinja2,unknown,unknown,US,compatible,default_compatible,low
pallets/flask,,com.github.pallets/flask,six,unknown,MIT,US,compatible,child_permissive,high
pallets/flask,,com.github.pallets/flask,dessant/lock-threads,unknown,unknown,US,compatible,default_compatible,low
pallets/flask,,com.github.pallets/flask,blinker,unknown,MIT,US,compatible,child_permissive,high
pallets/flask,,com.github.pallets/flask,vine,unknown,BSD-2-Clause,US,compatible,child_permissive,high
pallets/flask,,com.github.pallets/flask,click-plugins,unknown,BSD-2-Clause AND BSD-3-Clause,US,compatible,default_compatible,low
pallets/flask,,com.github.pallets/flask,celery,unknown,BSD-2-Clause,US,compatible,child_permissive,high
pallets/flask,,com.github.pallets/flask,pre-commit-ci/lite-action,unknown,unknown,US,compatible,default_compatible,low
pallets/flask,,com.github.pallets/flask,actions/setup-python,unknown,unknown,US,compatible,default_compatible,low
pallets/flask,,com.github.pallets/flask,kombu,unknown,BSD-2-Clause,US,compatible,child_permissive,high
pallets/flask,,com.github.pallets/flask,click-didyoumean,unknown,MIT,US,compatible,child_permissive,high
pallets/flask,,com.github.pallets/flask,markupsafe,unknown,unknown,US,compatible,default_compatible,low
pallets/flask,,com.github.pallets/flask,billiard,unknown,BSD-2-Clause,US,compatible,child_permissive,high
pallets/flask,,com.github.pallets/flask,pytz,unknown,MIT,US,compatible,child_permissive,high
pallets/flask,,com.github.pallets/flask,actions/download-artifact,unknown,unknown,US,compatible,default_compatible,low
pallets/flask,,com.github.pallets/flask,itsdangerous,unknown,unknown,US,compatible,default_compatible,low
pallets/flask,,com.github.pallets/flask,amqp,unknown,BSD-2-Clause,US,compatible,child_permissive,high
pallets/flask,,com.github.pallets/flask,redis,unknown,MIT,US,compatible,child_permissive,high
pallets/flask,,com.github.pallets/flask,actions/checkout,unknown,unknown,US,compatible,default_compatible,low
pandas-dev/pandas,,com.github.pandas-dev/pandas,pytest-qt,unknown,unknown,US,compatible,default_compatible,low
pandas-dev/pandas,,com.github.pandas-dev/pandas,sqlalchemy,unknown,unknown,US,compatible,default_compatible,low
pandas-dev/pandas,,com.github.pandas-dev/pandas,pyiceberg,unknown,unknown,US,compatible,default_compatible,low
pandas-dev/pandas,,com.github.pandas-dev/pandas,tzdata,unknown,unknown,US,compatible,default_compatible,low
pandas-dev/pandas,,com.github.pandas-dev/pandas,gitpython,unknown,unknown,US,compatible,default_compatible,low
pandas-dev/pandas,,com.github.pandas-dev/pandas,mamba-org/setup-micromamba,unknown,unknown,US,compatible,default_compatible,low
pandas-dev/pandas,,com.github.pandas-dev/pandas,mymindstorm/setup-emsdk,unknown,unknown,US,compatible,default_compatible,low
pandas-dev/pandas,,com.github.pandas-dev/pandas,numexpr,unknown,unknown,US,compatible,default_compatible,low
pandas-dev/pandas,,com.github.pandas-dev/pandas,ipywidgets,unknown,unknown,US,compatible,default_compatible,low
pandas-dev/pandas,,com.github.pandas-dev/pandas,asv,unknown,unknown,US,compatible,default_compatible,low
pandas-dev/pandas,,com.github.pandas-dev/pandas,nbsphinx,unknown,unknown,US,compatible,default_compatible,low
pandas-dev/pandas,,com.github.pandas-dev/pandas,flake8,unknown,MIT,US,compatible,child_permissive,high
pandas-dev/pandas,,com.github.pandas-dev/pandas,pandoc,unknown,unknown,US,compatible,default_compatible,low
pandas-dev/pandas,,com.github.pandas-dev/pandas,sphinx-design,unknown,unknown,US,compatible,default_compatible,low
pandas-dev/pandas,,com.github.pandas-dev/pandas,notebook,unknown,unknown,US,compatible,default_compatible,low
pandas-dev/pandas,,com.github.pandas-dev/pandas,pickleshare,unknown,unknown,US,compatible,default_compatible,low
pandas-dev/pandas,,com.github.pandas-dev/pandas,adbc-driver-postgresql,unknown,unknown,US,compatible,default_compatible,low
pandas-dev/pandas,,com.github.pandas-dev/pandas,pygments,unknown,unknown,US,compatible,default_compatible,low
pandas-dev/pandas,,com.github.pandas-dev/pandas,actions/upload-artifact,unknown,unknown,US,compatible,default_compatible,low
pandas-dev/pandas,,com.github.pandas-dev/pandas,pyqt5,unknown,unknown,US,compatible,default_compatible,low
pandas-dev/pandas,,com.github.pandas-dev/pandas,pyarrow,unknown,unknown,US,compatible,default_compatible,low
pandas-dev/pandas,,com.github.pandas-dev/pandas,pyreadstat,unknown,unknown,US,compatible,default_compatible,low
pandas-dev/pandas,,com.github.pandas-dev/pandas,lxml,unknown,unknown,US,compatible,default_compatible,low
pandas-dev/pandas,,com.github.pandas-dev/pandas,dask,unknown,unknown,US,compatible,default_compatible,low
pandas-dev/pandas,,com.github.pandas-dev/pandas,pytz,unknown,unknown,US,compatible,default_compatible,low
pandas-dev/pandas,,com.github.pandas-dev/pandas,pymysql,unknown,unknown,US,compatible,default_compatible,low
pandas-dev/pandas,,com.github.pandas-dev/pandas,actions/setup-node,unknown,unknown,US,compatible,default_compatible,low
pandas-dev/pandas,,com.github.pandas-dev/pandas,beautifulsoup4,unknown,unknown,US,compatible,default_compatible,low
pandas-dev/pandas,,com.github.pandas-dev/pandas,pypa/cibuildwheel,unknown,unknown,US,compatible,default_compatible,low
pandas-dev/pandas,,com.github.pandas-dev/pandas,adbc-driver-sqlite,unknown,unknown,US,compatible,default_compatible,low
pandas-dev/pandas,,com.github.pandas-dev/pandas,html5lib,unknown,unknown,US,compatible,default_compatible,low
pandas-dev/pandas,,com.github.pandas-dev/pandas,gcsfs,unknown,unknown,US,compatible,default_compatible,low
pandas-dev/pandas,,com.github.pandas-dev/pandas,types-pytz,unknown,unknown,US,compatible,default_compatible,low
pandas-dev/pandas,,com.github.pandas-dev/pandas,ipykernel,unknown,unknown,US,compatible,default_compatible,low
pandas-dev/pandas,,com.github.pandas-dev/pandas,jupyterlite-core,unknown,unknown,US,compatible,default_compatible,low
pandas-dev/pandas,,com.github.pandas-dev/pandas,s3fs,unknown,unknown,US,compatible,default_compatible,low
pandas-dev/pandas,,com.github.pandas-dev/pandas,meson,unknown,Apache-2.0,US,compatible,child_permissive,high
pandas-dev/pandas,,com.github.pandas-dev/pandas,actions/stale,unknown,unknown,US,compatible,default_compatible,low
pandas-dev/pandas,,com.github.pandas-dev/pandas,feedparser,unknown,unknown,US,compatible,default_compatible,low
pandas-dev/pandas,,com.github.pandas-dev/pandas,types-python-dateutil,unknown,unknown,US,compatible,default_compatible,low
pandas-dev/pandas,,com.github.pandas-dev/pandas,psycopg2-binary,unknown,unknown,US,compatible,default_compatible,low
pandas-dev/pandas,,com.github.pandas-dev/pandas,pandas-dev/github-doc-previewer,unknown,unknown,US,compatible,default_compatible,low
pandas-dev/pandas,,com.github.pandas-dev/pandas,scipy,unknown,unknown,US,compatible,default_compatible,low
pandas-dev/pandas,,com.github.pandas-dev/pandas,ipython,unknown,unknown,US,compatible,default_compatible,low
pandas-dev/pandas,,com.github.pandas-dev/pandas,pytest-xdist,unknown,unknown,US,compatible,default_compatible,low
pandas-dev/pandas,,com.github.pandas-dev/pandas,pre-commit,unknown,unknown,US,compatible,default_compatible,low
pandas-dev/pandas,,com.github.pandas-dev/pandas,xlrd,unknown,unknown,US,compatible,default_compatible,low
pandas-dev/pandas,,com.github.pandas-dev/pandas,sphinx-copybutton,unknown,unknown,US,compatible,default_compatible,low
pandas-dev/pandas,,com.github.pandas-dev/pandas,jupyterlite-pyodide-kernel,unknown,unknown,US,compatible,default_compatible,low
pandas-dev/pandas,,com.github.pandas-dev/pandas,pyxlsb,unknown,unknown,US,compatible,default_compatible,low
scikit-learn/scikit-learn,,com.github.scikit-learn/scikit-learn,actions/download-artifact,unknown,unknown,US,compatible,default_compatible,low
scikit-learn/scikit-learn,,com.github.scikit-learn/scikit-learn,ninja,unknown,unknown,US,compatible,default_compatible,low
scikit-learn/scikit-learn,,com.github.scikit-learn/scikit-learn,pypa/gh-action-pypi-publish,unknown,unknown,US,compatible,default_compatible,low
scikit-learn/scikit-learn,,com.github.scikit-learn/scikit-learn,polars,unknown,unknown,US,compatible,default_compatible,low
scikit-learn/scikit-learn,,com.github.scikit-learn/scikit-learn,pytest-cov,unknown,unknown,US,compatible,default_compatible,low
scikit-learn/scikit-learn,,com.github.scikit-learn/scikit-learn,codespell-project/actions-codespell,unknown,unknown,US,compatible,default_compatible,low
scikit-learn/scikit-learn,,com.github.scikit-learn/scikit-learn,actions/setup-python,unknown,unknown,US,compatible,default_compatible,low
scikit-learn/scikit-learn,,com.github.scikit-learn/scikit-learn,sphinx-gallery,unknown,unknown,US,compatible,default_compatible,low
scikit-learn/scikit-learn,,com.github.scikit-learn/scikit-learn,cython,unknown,unknown,US,compatible,default_compatible,low
scikit-learn/scikit-learn,,com.github.scikit-learn/scikit-learn,github/codeql-action/analyze,unknown,unknown,US,compatible,default_compatible,low
scikit-learn/scikit-learn,,com.github.scikit-learn/scikit-learn,github/codeql-action/autobuild,unknown,unknown,US,compatible,default_compatible,low
scikit-learn/scikit-learn,,com.github.scikit-learn/scikit-learn,matplotlib,unknown,unknown,US,compatible,default_compatible,low
scikit-learn/scikit-learn,,com.github.scikit-learn/scikit-learn,actions-ecosystem/action-remove-labels,unknown,unknown,US,compatible,default_compatible,low
scikit-learn/scikit-learn,,com.github.scikit-learn/scikit-learn,peter-evans/create-pull-request,unknown,unknown,US,compatible,default_compatible,low
scikit-learn/scikit-learn,,com.github.scikit-learn/scikit-learn,pillow,unknown,unknown,US,compatible,default_compatible,low
scikit-learn/scikit-learn,,com.github.scikit-learn/scikit-learn,thomasjpfan/labeler,unknown,unknown,US,compatible,default_compatible,low
scikit-learn/scikit-learn,,com.github.scikit-learn/scikit-learn,joblib,unknown,BSD-2-Clause AND BSD-3-Clause,US,compatible,default_compatible,low
scikit-learn/scikit-learn,,com.github.scikit-learn/scikit-learn,pytest,unknown,unknown,US,compatible,default_compatible,low
scikit-learn/scikit-learn,,com.github.scikit-learn/scikit-learn,actions/cache,unknown,unknown,US,compatible,default_compatible,low
scikit-learn/scikit-learn,,com.github.scikit-learn/scikit-learn,codespell-project/codespell-problem-matcher,unknown,unknown,US,compatible,default_compatible,low
scikit-learn/scikit-learn,,com.github.scikit-learn/scikit-learn,threadpoolctl,unknown,BSD-2-Clause AND BSD-3-Clause,US,compatible,default_compatible,low
scikit-learn/scikit-learn,,com.github.scikit-learn/scikit-learn,scientific-python/action-towncrier-changelog,unknown,unknown,US,compatible,default_compatible,low
scikit-learn/scikit-learn,,com.github.scikit-learn/scikit-learn,pypa/cibuildwheel,unknown,unknown,US,compatible,default_compatible,low
scikit-learn/scikit-learn,,com.github.scikit-learn/scikit-learn,seaborn,unknown,unknown,US,compatible,default_compatible,low
scikit-learn/scikit-learn,,com.github.scikit-learn/scikit-learn,numpy,unknown,unknown,US,compatible,default_compatible,low
scikit-learn/scikit-learn,,com.github.scikit-learn/scikit-learn,meson-python,unknown,unknown,US,compatible,default_compatible,low
scikit-learn/scikit-learn,,com.github.scikit-learn/scikit-learn,github/codeql-action/init,unknown,unknown,US,compatible,default_compatible,low
scikit-learn/scikit-learn,,com.github.scikit-learn/scikit-learn,actions/checkout,unknown,unknown,US,compatible,default_compatible,low
scikit-learn/scikit-learn,,com.github.scikit-learn/scikit-learn,conda-incubator/setup-miniconda,unknown,unknown,US,compatible,default_compatible,low
scikit-learn/scikit-learn,,com.github.scikit-learn/scikit-learn,pytest-xdist,unknown,unknown,US,compatible,default_compatible,low
scikit-learn/scikit-learn,,com.github.scikit-learn/scikit-learn,scikit-learn,unknown,unknown,US,compatible,default_compatible,low
scikit-learn/scikit-learn,,com.github.scikit-learn/scikit-learn,scientific-python/circleci-artifacts-redirector-action,unknown,unknown,US,compatible,default_compatible,low
scikit-learn/scikit-learn,,com.github.scikit-learn/scikit-learn,actions/upload-artifact,unknown,unknown,US,compatible,default_compatible,low
scikit-learn/scikit-learn,,com.github.scikit-learn/scikit-learn,scientific-python/upload-nightly-action,unknown,unknown,US,compatible,default_compatible,low
scikit-learn/scikit-learn,,com.github.scikit-learn/scikit-learn,scipy,unknown,unknown,US,compatible,default_compatible,low
scikit-learn/scikit-learn,,com.github.scikit-learn/scikit-learn,andymckay/labeler,unknown,unknown,US,compatible,default_compatible,low
scikit-learn/scikit-learn,,com.github.scikit-learn/scikit-learn,pandas,unknown,unknown,US,compatible,default_compatible,low
scikit-learn/scikit-learn,,com.github.scikit-learn/scikit-learn,scikit-image,unknown,unknown,US,compatible,default_compatible,low
scrapy/scrapy,,com.github.scrapy/scrapy,itemloaders,unknown,unknown,US,compatible,default_compatible,low
scrapy/scrapy,,com.github.scrapy/scrapy,cssselect,unknown,unknown,US,compatible,default_compatible,low
scrapy/scrapy,,com.github.scrapy/scrapy,parsel,unknown,unknown,US,compatible,default_compatible,low
scrapy/scrapy,,com.github.scrapy/scrapy,tldextract,unknown,unknown,US,compatible,default_compatible,low
scrapy/scrapy,,com.github.scrapy/scrapy,w3lib,unknown,unknown,US,compatible,default_compatible,low
scrapy/scrapy,,com.github.scrapy/scrapy,codecov/test-results-action,unknown,unknown,US,compatible,default_compatible,low
scrapy/scrapy,,com.github.scrapy/scrapy,pre-commit/action,unknown,unknown,US,compatible,default_compatible,low
scrapy/scrapy,,com.github.scrapy/scrapy,service-identity,unknown,unknown,US,compatible,default_compatible,low
scrapy/scrapy,,com.github.scrapy/scrapy,sphinx,unknown,BSD-2-Clause AND BSD-2-Clause-Views AND BSD-3-Clause,US,compatible,default_compatible,low
scrapy/scrapy,,com.github.scrapy/scrapy,pypa/gh-action-pypi-publish,unknown,unknown,US,compatible,default_compatible,low
scrapy/scrapy,,com.github.scrapy/scrapy,pypydispatcher,unknown,unknown,US,compatible,default_compatible,low
scrapy/scrapy,,com.github.scrapy/scrapy,sphinx-rtd-theme,unknown,MIT AND OFL-1.1,US,compatible,default_compatible,low
scrapy/scrapy,,com.github.scrapy/scrapy,zope-interface,unknown,unknown,US,compatible,default_compatible,low
scrapy/scrapy,,com.github.scrapy/scrapy,cryptography,unknown,unknown,US,compatible,default_compatible,low
scrapy/scrapy,,com.github.scrapy/scrapy,pydispatcher,unknown,unknown,US,compatible,default_compatible,low
scrapy/scrapy,,com.github.scrapy/scrapy,protego,unknown,unknown,US,compatible,default_compatible,low
scrapy/scrapy,,com.github.scrapy/scrapy,sphinx-notfound-page,unknown,MIT,US,compatible,child_permissive,high
scrapy/scrapy,,com.github.scrapy/scrapy,twisted,unknown,unknown,US,compatible,default_compatible,low
scrapy/scrapy,,com.github.scrapy/scrapy,packaging,unknown,unknown,US,compatible,default_compatible,low
scrapy/scrapy,,com.github.scrapy/scrapy,defusedxml,unknown,unknown,US,compatible,default_compatible,low
scrapy/scrapy,,com.github.scrapy/scrapy,actions/setup-python,unknown,unknown,US,compatible,default_compatible,low
scrapy/scrapy,,com.github.scrapy/scrapy,lxml,unknown,unknown,US,compatible,default_compatible,low
scrapy/scrapy,,com.github.scrapy/scrapy,actions/checkout,unknown,unknown,US,compatible,default_compatible,low
scrapy/scrapy,,com.github.scrapy/scrapy,codecov/codecov-action,unknown,unknown,US,compatible,default_compatible,low
scrapy/scrapy,,com.github.scrapy/scrapy,itemadapter,unknown,unknown,US,compatible,default_compatible,low
scrapy/scrapy,,com.github.scrapy/scrapy,queuelib,unknown,unknown,US,compatible,default_compatible,low
scrapy/scrapy,,com.github.scrapy/scrapy,pyopenssl,unknown,unknown,US,compatible,default_compatible,low
scrapy/scrapy,,com.github.scrapy/scrapy,sphinx-rtd-dark-mode,unknown,MIT,US,compatible,child_permissive,high
tiangolo/fastapi,,com.github.fastapi/fastapi,markdown-include-variants,unknown,MIT,US,compatible,child_permissive,high
tiangolo/fastapi,,com.github.fastapi/fastapi,actions/upload-artifact,unknown,unknown,US,compatible,default_compatible,low
tiangolo/fastapi,,com.github.fastapi/fastapi,passlib,unknown,unknown,US,compatible,default_compatible,low
tiangolo/fastapi,,com.github.fastapi/fastapi,actions/labeler,unknown,unknown,US,compatible,default_compatible,low
tiangolo/fastapi,,com.github.fastapi/fastapi,typing-extensions,unknown,unknown,US,compatible,default_compatible,low
tiangolo/fastapi,,com.github.fastapi/fastapi,inline-snapshot,unknown,unknown,US,compatible,default_compatible,low
tiangolo/fastapi,,com.github.fastapi/fastapi,pydantic-settings,unknown,unknown,US,compatible,default_compatible,low
tiangolo/fastapi,,com.github.fastapi/fastapi,playwright,unknown,unknown,US,compatible,default_compatible,low
tiangolo/fastapi,,com.github.fastapi/fastapi,mxschmitt/action-tmate,unknown,unknown,US,compatible,default_compatible,low
tiangolo/fastapi,,com.github.fastapi/fastapi,tiangolo/issue-manager,unknown,unknown,US,compatible,default_compatible,low
tiangolo/fastapi,,com.github.fastapi/fastapi,cairosvg,unknown,LGPL-2.0-or-later AND LGPL-3.0 AND LGPL-3.0-only AND LGPL-3.0-or-later,US,compatible,default_compatible,low
tiangolo/fastapi,,com.github.fastapi/fastapi,pypa/gh-action-pypi-publish,unknown,unknown,US,compatible,default_compatible,low
tiangolo/fastapi,,com.github.fastapi/fastapi,cloudflare/wrangler-action,unknown,unknown,US,compatible,default_compatible,low
tiangolo/fastapi,,com.github.fastapi/fastapi,mypy,unknown,MIT,US,compatible,child_permissive,high
tiangolo/fastapi,,com.github.fastapi/fastapi,jieba,unknown,MIT,US,compatible,child_permissive,high
tiangolo/fastapi,,com.github.fastapi/fastapi,anyio,unknown,unknown,US,compatible,default_compatible,low
tiangolo/fastapi,,com.github.fastapi/fastapi,actions/setup-python,unknown,unknown,US,compatible,default_compatible,low
tiangolo/fastapi,,com.github.fastapi/fastapi,ruff,unknown,0BSD AND Apache-2.0 AND BSD-3-Clause AND MIT,US,compatible,default_compatible,low
tiangolo/fastapi,,com.github.fastapi/fastapi,pydantic,unknown,unknown,US,compatible,default_compatible,low
tiangolo/fastapi,,com.github.fastapi/fastapi,starlette,unknown,unknown,US,compatible,default_compatible,low
tiangolo/fastapi,,com.github.fastapi/fastapi,pygithub,unknown,unknown,US,compatible,default_compatible,low
tiangolo/fastapi,,com.github.fastapi/fastapi,gitpython,unknown,BSD-3-Clause,US,compatible,child_permissive,high
tiangolo/fastapi,,com.github.fastapi/fastapi,flask,unknown,unknown,US,compatible,default_compatible,low
tiangolo/fastapi,,com.github.fastapi/fastapi,mkdocstrings,unknown,ISC,US,compatible,child_permissive,high
tiangolo/fastapi,,com.github.fastapi/fastapi,actions/add-to-project,unknown,unknown,US,compatible,default_compatible,low
tiangolo/fastapi,,com.github.fastapi/fastapi,mkdocs-material,unknown,MIT,US,compatible,child_permissive,high
tiangolo/fastapi,,com.github.fastapi/fastapi,types-orjson,unknown,Apache-2.0,US,compatible,child_permissive,high
tiangolo/fastapi,,com.github.fastapi/fastapi,httpx,unknown,unknown,US,compatible,default_compatible,low
tiangolo/fastapi,,com.github.fastapi/fastapi,actions/download-artifact,unknown,unknown,US,compatible,default_compatible,low
tiangolo/fastapi,,com.github.fastapi/fastapi,black,unknown,MIT,US,compatible,child_permissive,high
tiangolo/fastapi,,com.github.fastapi/fastapi,re-actors/alls-green,unknown,unknown,US,compatible,default_compatible,low
tiangolo/fastapi,,com.github.fastapi/fastapi,sqlmodel,unknown,MIT,US,compatible,child_permissive,high
tiangolo/fastapi,,com.github.fastapi/fastapi,mkdocs-macros-plugin,unknown,unknown,US,compatible,default_compatible,low
tiangolo/fastapi,,com.github.fastapi/fastapi,tiangolo/latest-changes,unknown,unknown,US,compatible,default_compatible,low
tiangolo/fastapi,,com.github.fastapi/fastapi,pre-commit,unknown,unknown,US,compatible,default_compatible,low
tiangolo/fastapi,,com.github.fastapi/fastapi,astral-sh/setup-uv,unknown,unknown,US,compatible,default_compatible,low
tiangolo/fastapi,,com.github.fastapi/fastapi,coverage,unknown,unknown,US,compatible,default_compatible,low
tiangolo/fastapi,,com.github.fastapi/fastapi,pillow,unknown,LicenseRef-scancode-secret-labs-2011 AND MIT-CMU,US,compatible,default_compatible,low
tiangolo/fastapi,,com.github.fastapi/fastapi,actions/cache,unknown,unknown,US,compatible,default_compatible,low
tiangolo/fastapi,,com.github.fastapi/fastapi,mkdocs-redirects,unknown,unknown,US,compatible,default_compatible,low
tiangolo/fastapi,,com.github.fastapi/fastapi,dirty-equals,unknown,MIT,US,compatible,child_permissive,high
tiangolo/fastapi,,com.github.fastapi/fastapi,actions/checkout,unknown,unknown,US,compatible,default_compatible,low
tiangolo/fastapi,,com.github.fastapi/fastapi,types-ujson,unknown,Apache-2.0,US,compatible,child_permissive,high
tiangolo/fastapi,,com.github.fastapi/fastapi,griffe-typingdoc,unknown,ISC,US,compatible,child_permissive,high
tiangolo/fastapi,,com.github.fastapi/fastapi,smokeshow,unknown,unknown,US,compatible,default_compatible,low
tiangolo/fastapi,,com.github.fastapi/fastapi,pyyaml,unknown,unknown,US,compatible,default_compatible,low
tiangolo/fastapi,,com.github.fastapi/fastapi,typer,unknown,MIT,US,compatible,child_permissive,high
tiangolo/fastapi,,com.github.fastapi/fastapi,mdx-include,unknown,unknown,US,compatible,default_compatible,low
tiangolo/fastapi,,com.github.fastapi/fastapi,pydantic-ai,unknown,MIT,US,compatible,child_permissive,high
tiangolo/fastapi,,com.github.fastapi/fastapi,pytest,unknown,unknown,US,compatible,default_compatible,low
twisted/twisted,,com.github.twisted/twisted,codecov/codecov-action,unknown,unknown,US,compatible,default_compatible,low
twisted/twisted,,com.github.twisted/twisted,actions/cache,unknown,unknown,US,compatible,default_compatible,low
twisted/twisted,,com.github.twisted/twisted,CodSpeedHQ/action,unknown,unknown,US,compatible,default_compatible,low
twisted/twisted,,com.github.twisted/twisted,actions/upload-artifact,unknown,unknown,US,compatible,default_compatible,low
twisted/twisted,,com.github.twisted/twisted,pypa/gh-action-pypi-publish,unknown,unknown,US,compatible,default_compatible,low
twisted/twisted,,com.github.twisted/twisted,actions/setup-python,unknown,unknown,US,compatible,default_compatible,low
twisted/twisted,,com.github.twisted/twisted,actions/checkout,unknown,unknown,US,compatible,default_compatible,low
twisted/twisted,,com.github.twisted/twisted,actions/download-artifact,unknown,unknown,US,compatible,default_compatible,low
twisted/twisted,,com.github.twisted/twisted,twisted/python-info-action,unknown,unknown,US,compatible,default_compatible,low
twisted/twisted,,com.github.twisted/twisted,mxschmitt/action-tmate,unknown,unknown,US,compatible,default_compatible,low
